id,slug,title,ad_content_input,lp_title_input,term,term_items,existing_competitor_terms,existing_token_overlap,validation
article_634149b19440,23-everyday-use-cases-of-ai-virtual-agents-already-running-errands-for-you,23 Everyday Use Cases of AI Virtual Agents Already Running Errands for You,Learn more. Read more info on AI Virtual Agents,23 Everyday Use Cases of AI Virtual Agents Already Running Errands for You - Discovaz,ai virtual agents ai virtual agents use cases artificial intelligence virtual agents ai virtual agent,ai virtual agents | ai virtual agents use cases | artificial intelligence virtual agents | ai virtual agent,,,ok
article_be869a762b52,a-friendly-look-at-custom-construction-software-for-modern-builders,A Friendly Look at Custom Construction Software for Modern Builders,Learn more. Read more info on Custom Construction Software,A Friendly Look at Custom Construction Software for Modern Builders - Discovaz,custom construction software custom construction software guide best custom construction software custom construction software solutions,custom construction software | custom construction software guide | best custom construction software | custom construction software solutions,custom construction software,0.5,ok
article_2673105c86d6,a-happy-guide-to-professional-office-cleaning-and-tech-driven-hygiene,A Happy Guide to Professional Office Cleaning and Tech-Driven Hygiene,Learn more here. learn about Office cleaning services,A Happy Guide to Professional Office Cleaning and Tech-Driven Hygiene - Discovaz,office cleaning services office cleaning services guide best office cleaning services office cleaning services information,office cleaning services | office cleaning services guide | best office cleaning services | office cleaning services information,"janitorial services near me,corporate cleaning services,professional office cleaners,commercial cleaning company,office sanitization services",0.2308,ok
article_651ae1d0b4c4,ai-application-security-methods-explained-for-beginners,AI Application Security Methods Explained for Beginners,Learn More Here. Learn more about AI Application Security,AI Application Security Methods Explained for Beginners - Discovaz,ai application security ai application security methods artificial intelligence application security ai application security guide best ai application security,ai application security | ai application security methods | artificial intelligence application security | ai application security guide | best ai application security,,,ok
article_7668bd07bf9c,ai-helpdesk-basics-for-beginners,AI Helpdesk Basics for Beginners,See more info about AI Helpdesk. See more info about AI Helpdesk,AI Helpdesk Basics for Beginners,ai helpdesk ai helpdesk basics artificial intelligence helpdesk ai helpdesk guide best ai helpdesk ai helpdesk solutions,ai helpdesk | ai helpdesk basics | artificial intelligence helpdesk | ai helpdesk guide | best ai helpdesk | ai helpdesk solutions,,,ok
article_8fd0568ef4dd,ai-for-remote-teams-a-friendly-introduction,AI for Remote Teams: A Friendly Introduction,Learn more here. learn about ai remote management,AI for Remote Teams: A Friendly Introduction - InfoQo,ai remote management ai remote management guide artificial intelligence remote management best ai remote management ai remote management solutions,ai remote management | ai remote management guide | artificial intelligence remote management | best ai remote management | ai remote management solutions,ai remote management tools,0.3333,ok
article_d9dd0cf72bd3,allgemeines-wissen-von-ki-automatisierung-wie-intelligente-systeme-unseren-alltag-2026-ver,Allgemeines Wissen von KI Automatisierung: Wie intelligente Systeme unseren Alltag 2026 verändern,Mehr erfahren. Erfahren Sie mehr uber KI Automatisierung,Allgemeines Wissen von KI Automatisierung: Wie intelligente Systeme unseren Alltag 2026 verändern,ki automatisierung 2026 ki automatisierung ki automatisierung ratgeber beste ki automatisierung ki automatisierung informationen,ki automatisierung 2026 | ki automatisierung | ki automatisierung ratgeber | beste ki automatisierung | ki automatisierung informationen,,,ok
article_0969cdb41173,allgemeines-wissen-uber-die-flughafenarbeit-ein-blick-hinter-die-kulissen,Allgemeines Wissen über die Flughafenarbeit: Ein Blick hinter die Kulissen,Mehr erfahren. Weitere Informationen finden Sie unter Flughafenbetrieb,Allgemeines Wissen über die Flughafenarbeit: Ein Blick hinter die Kulissen - Discovaz,flughafenbetrieb ratgeber beste flughafenbetrieb flughafenbetrieb informationen allgemeines wissen über die flughafenarbeit ein blick hinter,flughafenbetrieb ratgeber | beste flughafenbetrieb | flughafenbetrieb informationen | allgemeines wissen über die flughafenarbeit ein blick hinter,flughafenbetrieb,0.0833,ok
article_34ff246a872a,begin-game-skin-trading-in-steal-a-brainrot,Begin Game Skin Trading in Steal a Brainrot,Learn more here. learn about game skins trading,Begin Game Skin Trading in Steal a Brainrot - Discovaz,game skins trading game skins trading guide best game skins trading game skins trading information,game skins trading | game skins trading guide | best game skins trading | game skins trading information,,,ok
article_9fc74f487911,build-interior-design-with-custom-software-how-designers-earn-195k-more,Build Interior Design With Custom Software: How Designers Earn $195k More,Learn more here. learn about Custom build software,Build Interior Design With Custom Software: How Designers Earn $195k More - Discovaz,custom build software custom software custom software solutions custom build software guide best custom build software custom build software solutions,custom build software | custom software | custom software solutions | custom build software guide | best custom build software | custom build software solutions,,,ok
article_2d5703ba8d91,building-better-with-custom-construction-software,Building Better with Custom Construction Software,Learn more here. learn about Custom Construction Software,Building Better with Custom Construction Software - Discovaz,custom construction software custom construction software guide best custom construction software custom construction software solutions,custom construction software | custom construction software guide | best custom construction software | custom construction software solutions,,,ok
article_0e01110aae84,choosing-a-phone-package-for-your-small-business,Choosing a Phone Package for Your Small Business,Learn more here. learn about Phone Packages For Smbs For You,Choosing a Phone Package for Your Small Business - Discovaz,phone packages for smb for you phone packages for small business for you phone package for smb for you phone packages for business for you,phone packages for smb for you | phone packages for small business for you | phone package for smb for you | phone packages for business for you,phone packages for smbs for you,0.4444,ok
article_f497eb9bd210,create-your-own-ai-agent-in-two-happy-hours,Create Your Own AI Agent in Two Happy Hours,Learn more here. learn about create ai agent,Create Your Own AI Agent in Two Happy Hours - Discovaz,create ai agent create artificial intelligence agent create ai agent guide best create ai agent create ai agent solutions,create ai agent | create artificial intelligence agent | create ai agent guide | best create ai agent | create ai agent solutions,,,ok
article_7bc5bfac0614,create-your-design-using-construction-software,Create your design using construction software,Learn more here. Start learning about Create Your Design Using Construction Software,Create your design using construction software - Discovaz,create your design using construction software create your design using construction software guide best create your design using construction software create your design using construction software solutions,create your design using construction software | create your design using construction software guide | best create your design using construction software | create your design using construction software solutions,,,ok
article_50e292b8e86e,discover-how-ai-agents-are-used-simple-examples-for-everyday-life,Discover How AI Agents Are Used: Simple Examples for Everyday Life,Learn More. Read more about AI agents,Discover How AI Agents Are Used: Simple Examples for Everyday Life,ai agents artificial intelligence agents ai agent ai agents guide best ai agents ai agents solutions,ai agents | artificial intelligence agents | ai agent | ai agents guide | best ai agents | ai agents solutions,ai agents,0.25,ok
article_c12b073af5e3,discover-more-information-about-iphones-on-installments-and-0-interest-plans,Discover More Information About iPhones on Installments and 0% Interest Plans,Learn more here. learn about iphones on installments,Discover More Information About iPhones on Installments and 0% Interest Plans - Discovaz,iphones on installments iphones on installments guide best iphones on installments iphones on installments information,iphones on installments | iphones on installments guide | best iphones on installments | iphones on installments information,,,ok
article_fd0eca374933,email-marketing-for-new-customers-a-simple-inbox-welcome,Email Marketing for New Customers: A Simple Inbox Welcome,Learn more here. learn about Email Marketing for New Customers,Email Marketing for New Customers: A Simple Inbox Welcome - Discovaz,email marketing for new customers email marketing for new customers guide best email marketing for new customers email marketing for new customers information,email marketing for new customers | email marketing for new customers guide | best email marketing for new customers | email marketing for new customers information,email marketing for new customers,0.625,ok
article_265558c970d1,erfahren-sie-mehr-uber-e-mail-marketing-fur-neukunden-ihr-weg-zum-40-fachen-erfolg,Erfahren Sie mehr über E-Mail Marketing für Neukunden: Ihr Weg zum 40-fachen Erfolg,Mehr hier erfahren. Erfahren Sie etwas uber E Mail Marketing fur Neukunden,Erfahren Sie mehr über E-Mail Marketing für Neukunden: Ihr Weg zum 40-fachen Erfolg - Discovaz,e mail marketing fur neukunden e mail marketing fur neukunden ratgeber beste e mail marketing fur neukunden e mail marketing fur neukunden informationen,e mail marketing fur neukunden | e mail marketing fur neukunden ratgeber | beste e mail marketing fur neukunden | e mail marketing fur neukunden informationen,e mail marketing fur neukunden,0.625,ok
article_937d72f0ba22,erhalten-sie-einblicke-in-das-zugangskontrollsystem-sicherheit-im-jahr-2026,Erhalten Sie Einblicke in das Zugangskontrollsystem: Sicherheit im Jahr 2026,Erfahre mehr hier. Beginne mehr uber Zugangskontrollsystem zu lernen,Erhalten Sie Einblicke in das Zugangskontrollsystem: Sicherheit im Jahr 2026 - Discovaz,zugangskontrollsystem 2026 zugangskontrollsystem ratgeber beste zugangskontrollsystem zugangskontrollsystem informationen,zugangskontrollsystem 2026 | zugangskontrollsystem ratgeber | beste zugangskontrollsystem | zugangskontrollsystem informationen,,,ok
article_d6a271dae7ad,everyday-benefits-of-ai-agents-simple-ways-they-can-help-you,Everyday Benefits of AI Agents: Simple Ways They Can Help You,Learn More. Read more about AI Agents,Everyday Benefits of AI Agents: Simple Ways They Can Help You - InfoQo,ai agents ai agents benefits artificial intelligence agents ai agent,ai agents | ai agents benefits | artificial intelligence agents | ai agent,,,ok
article_17e95b5ab3fe,exploring-ai-virtual-agents-revolutionizing-customer-interaction,Exploring AI virtual agents: revolutionizing customer interaction,Learn More. Read more about AI Virtual Agents,Exploring AI virtual agents: revolutionizing customer interaction - Discovaz,ai virtual agents ai virtual agents guide artificial intelligence virtual agents ai virtual agent,ai virtual agents | ai virtual agents guide | artificial intelligence virtual agents | ai virtual agent,ai virtual agent,0.4286,ok
article_b08d8482678b,exploring-custom-build-software-for-your-growing-business,Exploring Custom Build Software for Your Growing Business,Learn more. Read more info on custom build software,Exploring Custom Build Software for Your Growing Business - Discovaz,custom build software custom build software guide custom software custom software solutions,custom build software | custom build software guide | custom software | custom software solutions,custom build software,0.6,ok
article_000ebb873d15,exploring-construction-software-tools-for-modern-builders,Exploring construction software: tools for modern builders,Learn more here. learn about Construction Software,Exploring construction software: tools for modern builders - Discovaz,construction software construction software guide best construction software construction software solutions,construction software | construction software guide | best construction software | construction software solutions,,,ok
article_48f59707d5b5,fernverwaltung-von-ki-ein-einfacher-wegweiser-fur-alle,Fernverwaltung von KI: Ein einfacher Wegweiser für alle,Erfahren Sie hier mehr. lernen Sie Allgemeines Wissen über die Fernverwaltung von KI,Fernverwaltung von KI: Ein einfacher Wegweiser für alle - Discovaz,fernverwaltung von ki fernverwaltung von ki ratgeber beste fernverwaltung von ki fernverwaltung von ki informationen,fernverwaltung von ki | fernverwaltung von ki ratgeber | beste fernverwaltung von ki | fernverwaltung von ki informationen,,,ok
article_ab1de599fa85,general-knowledge-of-buy-now-pay-later-smart-tv-options-in-2026,General Knowledge of Buy Now Pay Later Smart TV Options in 2026,Learn more. Read more info on Buy Now Pay Later Smart TV,General Knowledge of Buy Now Pay Later Smart TV Options in 2026 - Discovaz,buy now pay later smart tv 2026 buy now pay later smart tv buy now pay later smart tv guide best buy now pay later smart tv buy now pay later smart tv information,buy now pay later smart tv 2026 | buy now pay later smart tv | buy now pay later smart tv guide | best buy now pay later smart tv | buy now pay later smart tv information,buy now pay later smart tv,0.6,ok
article_bea80148246e,get-insights-on-create-ai-agent-costs-myths-and-the-smarter-fix,"Get Insights on Create AI Agent: Costs, Myths and the Smarter Fix",Learn more here. learn about create AI agent,"Get Insights on Create AI Agent: Costs, Myths and the Smarter Fix",create ai agent create ai agent costs create artificial intelligence agent create ai agent guide best create ai agent create ai agent solutions,create ai agent | create ai agent costs | create artificial intelligence agent | create ai agent guide | best create ai agent | create ai agent solutions,create ai agent,0.3333,ok
article_e3c74a6cacce,get-insights-on-oil-rigs-work-your-high-paying-career-path-in-2026,Get Insights on Oil Rigs Work: Your High-Paying Career Path in 2026,Learn more here. Learn about Oil Rigs Work,Get Insights on Oil Rigs Work: Your High-Paying Career Path in 2026 - Discovaz,oil rigs work 2026 oil rigs work oil rigs work guide best oil rigs work oil rigs work information,oil rigs work 2026 | oil rigs work | oil rigs work guide | best oil rigs work | oil rigs work information,oil rigs work,0.4286,ok
article_1f91004b0e53,get-insights-on-sme-phone-packages-simple-modern-business-guide,Get Insights on SME Phone Packages: Simple Modern Business Guide,Learn more here. learn about SME phone packages,Get Insights on SME Phone Packages: Simple Modern Business Guide - Discovaz,sme phone packages sme phone packages guide smb phone packages small business phone packages sme phone package business phone packages,sme phone packages | sme phone packages guide | smb phone packages | small business phone packages | sme phone package | business phone packages,sme phone packages,0.375,ok
article_e1d6a0fbaab6,get-powerful-insights-from-custom-construction-software,Get Powerful Insights From Custom Construction Software,Learn more. Read more info on Custom Construction Software,Get Powerful Insights From Custom Construction Software - Discovaz,custom construction software custom construction software guide best custom construction software custom construction software solutions,custom construction software | custom construction software guide | best custom construction software | custom construction software solutions,custom construction software,0.5,ok
article_97db457cf37b,heimarbeit-verpackung-etikettierung-chancen-und-echte-jobs,Heimarbeit Verpackung & Etikettierung: Chancen und echte Jobs,Erfahren Sie hier mehr. Erfahren Sie mehr über Heimarbeit im Bereich Verpackung und Etikettierung,Heimarbeit Verpackung & Etikettierung: Chancen und echte Jobs - Discovaz,heimarbeit im bereich verpackung und etikettierung heimarbeit im bereich verpackung und etikettierung ratgeber beste heimarbeit im bereich verpackung und etikettierung heimarbeit im bereich verpackung und etikettierung informationen,heimarbeit im bereich verpackung und etikettierung | heimarbeit im bereich verpackung und etikettierung ratgeber | beste heimarbeit im bereich verpackung und etikettierung | heimarbeit im bereich verpackung und etikettierung informationen,,,ok
article_c147f223e259,how-ai-agent-platforms-are-changing-the-way-we-work,How AI Agent Platforms are Changing the Way We Work,Learn more. Read more info on ai agent platforms,How AI Agent Platforms are Changing the Way We Work - Discovaz,ai agent platforms artificial intelligence agent platforms ai agent platforms guide best ai agent platforms ai agent platforms solutions,ai agent platforms | artificial intelligence agent platforms | ai agent platforms guide | best ai agent platforms | ai agent platforms solutions,ai agent platforms,0.375,ok
article_113f9f3fa8dd,how-ai-agents-are-changing-the-world-top-use-cases-in-2026,How AI Agents Are Changing the World: Top Use Cases in 2026,Learn more here. learn about AI Agent,How AI Agents Are Changing the World: Top Use Cases in 2026,ai agent 2026 ai agent ai agent use cases best ai agent 2026 artificial intelligence agent,ai agent 2026 | ai agent | ai agent use cases | best ai agent 2026 | artificial intelligence agent,ai agent,0.25,ok
article_28d17e97bfe8,how-automation-equipment-manufacturer-product-testing-makes-your-world-safer-in-2026,How Automation Equipment Manufacturer Product Testing Makes Your World Safer in 2026,Learn more here. learn about Automation Equipment Manufacturer,How Automation Equipment Manufacturer Product Testing Makes Your World Safer in 2026,automation equipment manufacturer 2026 automation equipment manufacturer automation equipment manufacturer guide best automation equipment manufacturer,automation equipment manufacturer 2026 | automation equipment manufacturer | automation equipment manufacturer guide | best automation equipment manufacturer,automation equipment manufacturer,0.5,ok
article_cd9293929ca0,how-modern-waste-management-companies-keep-our-neighborhoods-clean-and-green-in-2026,How Modern Waste Management Companies Keep Our Neighborhoods Clean and Green in 2026,Learn more here. Learn about Waste Management Companies,How Modern Waste Management Companies Keep Our Neighborhoods Clean and Green in 2026,waste management companies 2026 waste management companies waste management companies guide best waste management companies waste management companies solutions,waste management companies 2026 | waste management companies | waste management companies guide | best waste management companies | waste management companies solutions,,,ok
article_a00436e18653,how-to-get-powerful-insights-on-application-security,How to Get Powerful Insights on Application Security,Learn more here. learn about application security posture,How to Get Powerful Insights on Application Security - Discovaz,application security posture application security posture guide best application security posture application security posture solutions,application security posture | application security posture guide | best application security posture | application security posture solutions,,,ok
article_aab3d61af8fe,how-to-learn-broadly-about-ai-automation-solutions-in-2026,How to Learn Broadly About AI Automation Solutions in 2026,Learn More. Learn broadly about AI Automation,How to Learn Broadly About AI Automation Solutions in 2026 - Discovaz,ai automation 2026 ai automation ai automation guide artificial intelligence automation,ai automation 2026 | ai automation | ai automation guide | artificial intelligence automation,ai automation,0.3333,ok
article_c1e6cb71c41f,how-to-make-ai-virtual-agents-without-coding,How to Make AI Virtual Agents Without Coding,Learn more. Read more info on AI Virtual Agents,How to Make AI Virtual Agents Without Coding - InfoQo,ai virtual agents artificial intelligence virtual agents ai virtual agent ai virtual agents guide best ai virtual agents ai virtual agents solutions,ai virtual agents | artificial intelligence virtual agents | ai virtual agent | ai virtual agents guide | best ai virtual agents | ai virtual agents solutions,ai virtual agents,0.3333,ok
article_4b08817da07e,how-to-start-game-skin-trading-in-99-nights,How to Start Game Skin Trading in 99 Nights,Learn more here. learn about game skins trading,How to Start Game Skin Trading in 99 Nights - Discovaz,game skins trading game skins trading guide best game skins trading game skins trading information,game skins trading | game skins trading guide | best game skins trading | game skins trading information,,,ok
article_473f0dca7818,how-to-start-game-skin-trading-simple-steps-for-beginners,How to Start Game Skin Trading: Simple Steps for Beginners,Learn more here. learn about game skin trading,How to Start Game Skin Trading: Simple Steps for Beginners - Discovaz,game skin trading game skin trading guide best game skin trading game skin trading information,game skin trading | game skin trading guide | best game skin trading | game skin trading information,,,ok
article_3a1976cc7517,i-want-to-start-my-own-business-what-should-i-do,I Want to Start My Own Business: What Should I Do?,Learn more here. learn about start my own business,I Want to Start My Own Business: What Should I Do? - Discovaz,start my own business how to start my own business start my own business guide best start my own business start my own business information,start my own business | how to start my own business | start my own business guide | best start my own business | start my own business information,,,ok
article_854a82e21a50,individuelle-bauplane-einfach-mit-software-erstellen,Individuelle Baupläne einfach mit Software erstellen,Erfahre mehr. Erfahre mehr uber Bausoftware,Individuelle Baupläne einfach mit Software erstellen,wie man bausoftware bausoftware ratgeber beste bausoftware bausoftware informationen,wie man bausoftware | bausoftware ratgeber | beste bausoftware | bausoftware informationen,,,ok
article_7184289c5693,learn-broadly-about-energy-management-tools,Learn Broadly About Energy Management Tools,Learn more here. learn about Energy Management Tools,Learn Broadly About Energy Management Tools - Discovaz,energy management tools energy management tools guide energy management tool best energy management tools energy management tools solutions,energy management tools | energy management tools guide | energy management tool | best energy management tools | energy management tools solutions,,,ok
article_922a7ecb1928,learn-broadly-on-custom-build-software-your-journey-to-digital-success,Learn Broadly on Custom Build Software: Your Journey to Digital Success,Learn more here. learn about Custom build software || Learn more. Read more info on Custom build software || learn more. Read more about custom build software || Learn more here. Start learning about Custom Build Software,Learn Broadly on Custom Build Software: Your Journey to Digital Success - Discovaz,custom build software custom build software guide custom software custom software solutions,custom build software | custom build software guide | custom software | custom software solutions,custom build software,0.6,ok
article_d3f334e0b7fb,learn-broadly-on-electronic-test-equipment-in-2026,Learn Broadly on Electronic Test Equipment in 2026,Learn more here. learn about electronic test equipment,Learn Broadly on Electronic Test Equipment in 2026 - Discovaz,electronic test equipment 2026 electronic test equipment electronic test equipment guide best electronic test equipment electronic test equipment information,electronic test equipment 2026 | electronic test equipment | electronic test equipment guide | best electronic test equipment | electronic test equipment information,,,ok
article_7fae7874eaac,learn-how-to-build-jersey-with-builder-software-for-your-team,Learn How to Build Jersey With Builder Software for Your Team,Learn more. Read more info on builder software,Learn How to Build Jersey With Builder Software for Your Team - Discovaz,builder software builder software guide best builder software builder software solutions,builder software | builder software guide | best builder software | builder software solutions,builder software,0.4,ok
article_d02e5cf1d664,learn-how-to-build-your-dream-car-with-free-autodesk-construction-software,Learn How to Build Your Dream Car With Free Autodesk Construction Software,Learn More. Read more info about building your own car with construction software,Learn How to Build Your Dream Car With Free Autodesk Construction Software,building your own car with construction software building your own car with construction software guide best building your own car with construction software building your own car with construction software solutions,building your own car with construction software | building your own car with construction software guide | best building your own car with construction software | building your own car with construction software solutions,,,ok
article_0820260c352c,learn-how-to-get-car-parts-through-product-promotion,Learn How to Get Car Parts Through Product Promotion,Learn more here. learn about Product Promotion,Learn How to Get Car Parts Through Product Promotion - Discovaz,product promotion product promotion guide best product promotion product promotion information,product promotion | product promotion guide | best product promotion | product promotion information,,,ok
article_f1a566d14acf,learn-how-to-get-products-with-brand-advertising,Learn How to Get Products With Brand Advertising,Learn More. Learn how to get products with brand advertising,Learn How to Get Products With Brand Advertising - Discovaz,get products with brand advertising how to get products with brand advertising get products with brand advertising guide best get products with brand advertising,get products with brand advertising | how to get products with brand advertising | get products with brand advertising guide | best get products with brand advertising,,,ok
article_e714eb389288,learn-how-to-start-in-game-skin-trading-in-2026,Learn How to Start in Game Skin Trading in 2026,Learn more here. Learn about Start Skin Trading,Learn How to Start in Game Skin Trading in 2026 - Discovaz,start skin trading 2026 start skin trading how to start skin trading start skin trading guide,start skin trading 2026 | start skin trading | how to start skin trading | start skin trading guide,start skin trading,0.4286,ok
article_2e8dcc38d962,learn-more-about-build-your-own-ai-agent-ecommerce,Learn More About Build Your Own AI Agent Ecommerce,Learn more here. learn about build your own AI agent ecommerce,Learn More About Build Your Own AI Agent Ecommerce - Discovaz,build your own ai agent ecommerce how to build your own ai agent ecommerce build your own ai agent ecommerce guide build your own artificial intelligence agent ecommerce,build your own ai agent ecommerce | how to build your own ai agent ecommerce | build your own ai agent ecommerce guide | build your own artificial intelligence agent ecommerce,build your own ai agent ecommerce,0.5455,ok
article_97903f258d8f,learn-more-about-steal-a-brainrot-trading-how-the-trader-shake-up-changed-everything,Learn More About Steal a Brainrot Trading: How the Trader Shake-Up Changed Everything,Learn more here. learn about game skins trading || Learn more here. learn about steal a brainrot trading,Learn More About Steal a Brainrot Trading: How the Trader Shake-Up Changed Everything - Discovaz,game skins trading game skins trading guide best game skins trading game skins trading information,game skins trading | game skins trading guide | best game skins trading | game skins trading information,,,ok
article_cddbd75ca5a3,learn-broadly-about-ai-automation,Learn broadly about AI automation,Learn More. Learn broadly about AI Automation || Discover more here. learn about Ai automation,Learn broadly about AI automation - Discovaz,ai automation ai automation guide artificial intelligence automation best ai automation ai automation solutions,ai automation | ai automation guide | artificial intelligence automation | best ai automation | ai automation solutions,ai automation,0.2857,ok
article_7a4af666a6d2,make-ai-automation-how-anyone-can-build-smart-agents-in-minutes,Make AI Automation: How Anyone Can Build Smart Agents in Minutes,Learn more here. Learn about Make AI Automation,Make AI Automation: How Anyone Can Build Smart Agents in Minutes - Discovaz,make ai automation how to make ai automation make artificial intelligence automation make ai automation guide best make ai automation make ai automation solutions,make ai automation | how to make ai automation | make artificial intelligence automation | make ai automation guide | best make ai automation | make ai automation solutions,,,ok
article_12e59a3b383c,medizinische-software-2026-entdecken-wie-smarte-technik-deine-gesundheit-schutzt,Medizinische Software 2026 entdecken: Wie smarte Technik deine Gesundheit schützt,Mehr erfahren. Lesen Sie mehr uber medizinische Software 2026,Medizinische Software 2026 entdecken: Wie smarte Technik deine Gesundheit schützt - Discovaz,medizinische software 2026 medizinische software 2026 ratgeber beste medizinische software 2026 medizinische software 2026 informationen,medizinische software 2026 | medizinische software 2026 ratgeber | beste medizinische software 2026 | medizinische software 2026 informationen,,,ok
article_1061eac1f4b2,online-brand-promotion-a-simple-introduction-to-getting-noticed,Online Brand Promotion: A Simple Introduction to Getting Noticed,Learn more here. learn about Online Brand Promotion,Online Brand Promotion: A Simple Introduction to Getting Noticed - Discovaz,online brand promotion online brand promotion guide best online brand promotion online brand promotion information,online brand promotion | online brand promotion guide | best online brand promotion | online brand promotion information,,,ok
article_6f4a16937dad,online-food-mba-programs-no-gmat-flexible-residencies-bigger-paychecks,"Online Food MBA Programs: No GMAT, Flexible Residencies, Bigger Paychecks",Learn more here. learn about Online Food MBA Programs,"Online Food MBA Programs: No GMAT, Flexible Residencies, Bigger Paychecks - Discovaz",online food mba programs online food mba programs guide best online food mba programs online food mba programs information,online food mba programs | online food mba programs guide | best online food mba programs | online food mba programs information,,,ok
article_652e04bc4116,sme-phone-packages-2026-5-rock-bottom-plans-under-15-that-still-work,SME Phone Packages 2026: 5 Rock-Bottom Plans Under $15 That Still Work,"Learn more. Hurry, Learn more about sme phone packages on the site.",SME Phone Packages 2026: 5 Rock-Bottom Plans Under $15 That Still Work - InfoQo,sme phone packages 2026 best phone systems 2026 smb phone package phone packages for smb phone packages for smb for you 2026,sme phone packages 2026 | best phone systems 2026 | smb phone package | phone packages for smb | phone packages for smb for you 2026,sme phone packages 2026 best phone systems 2026 smb phone package phone packages for smb for you 2026,1.0,ok
article_144b4d10f292,sme-phone-packages-explained-types-features-and-costs,"SME Phone Packages Explained: Types, Features, and Costs",Learn more here. Explore more about SME Phone Packages,"SME Phone Packages Explained: Types, Features, and Costs",sme phone packages sme phone packages features smb phone packages small business phone packages sme phone package business phone packages,sme phone packages | sme phone packages features | smb phone packages | small business phone packages | sme phone package | business phone packages,sme phone packages,0.375,ok
article_6f533ba49a26,sell-more-products-from-your-inbox-a-simple-email-plan,Sell More Products from Your Inbox: A Simple Email Plan,Learn more here. learn about Getting Products via Email Marketing,Sell More Products from Your Inbox: A Simple Email Plan - Discovaz,getting products via email marketing getting products via email marketing guide best getting products via email marketing getting products via email marketing information,getting products via email marketing | getting products via email marketing guide | best getting products via email marketing | getting products via email marketing information,,,ok
article_eca4df82c8c8,the-best-use-cases-of-ai-phone-agents-in-2026-from-nasa-robots-to-happy-customers,The Best Use Cases of AI Phone Agents in 2026: From NASA Robots to Happy Customers,Learn more here. learn about AI Phone Agent,The Best Use Cases of AI Phone Agents in 2026: From NASA Robots to Happy Customers - Discovaz,ai phone agent 2026 ai phone agent ai phone agent use cases best ai phone agent 2026 artificial intelligence phone agent,ai phone agent 2026 | ai phone agent | ai phone agent use cases | best ai phone agent 2026 | artificial intelligence phone agent,,,ok
article_c04387cbe18d,the-complete-guide-to-home-elevators,The Complete Guide to Home Elevators,Learn More. Read more info about home elevator,The Complete Guide to Home Elevators,home elevator home elevator guide best home elevator home elevator information,home elevator | home elevator guide | best home elevator | home elevator information,,,ok
article_4757cae8b291,the-friendly-world-of-boxes-and-bottles-general-knowledge-of-packaging-industry,The Friendly World of Boxes and Bottles: General Knowledge of Packaging Industry,Learn more here. learn about Packaging Industry,The Friendly World of Boxes and Bottles: General Knowledge of Packaging Industry - Discovaz,packaging industry packaging industry guide best packaging industry packaging industry information,packaging industry | packaging industry guide | best packaging industry | packaging industry information,,,ok
article_66f862f161ea,top-use-cases-of-ai-phone-agent-in-2026-from-nasa-to-your-local-farm,Top Use Cases of AI Phone Agent in 2026: From NASA to Your Local Farm,Learn more. Read more info on ai phone agent,Top Use Cases of AI Phone Agent in 2026: From NASA to Your Local Farm - InfoQo,ai phone agent 2026 ai phone agent ai phone agent use cases best ai phone agent 2026 artificial intelligence phone agent,ai phone agent 2026 | ai phone agent | ai phone agent use cases | best ai phone agent 2026 | artificial intelligence phone agent,ai phone agent,0.3333,ok
article_eb01dc71080e,understanding-ai-virtual-agents-transforming-communication,Understanding AI virtual agents: Transforming communication,Learn more here. learn about AI Virtual Agents,Understanding AI virtual agents: Transforming communication - Discovaz,ai virtual agents ai virtual agents guide artificial intelligence virtual agents ai virtual agent,ai virtual agents | ai virtual agents guide | artificial intelligence virtual agents | ai virtual agent,ai virtual agents,0.4286,ok
article_fc05d781c92f,understanding-skins-construction-software-a-2026-flat-rate-guide,Understanding Skins Construction Software: A 2026 Flat-Rate Guide,Learn more here. learn about Skins Construction Software || Learn more. Read more info on Skins Construction Software,Understanding Skins Construction Software: A 2026 Flat-Rate Guide - Discovaz,skins construction software 2026 skins construction software skins construction software guide best skins construction software skins construction software solutions,skins construction software 2026 | skins construction software | skins construction software guide | best skins construction software | skins construction software solutions,skins construction software,0.4286,ok
article_8e55785f0382,use-cases-of-ai-assistants-everyday-help-you-can-trust,Use Cases of AI Assistants: Everyday Help You Can Trust,Learn more. Read more info on AI Assistants,Use Cases of AI Assistants: Everyday Help You Can Trust - Discovaz,ai assistants ai assistants use cases artificial intelligence assistants ai assistant,ai assistants | ai assistants use cases | artificial intelligence assistants | ai assistant,ai assistants,0.2857,ok
article_7c729077e894,use-cases-of-ai-virtual-agents-23-real-world-examples,Use Cases of AI Virtual Agents: 23 Real-World Examples,Learn more. Read more info on AI Agents || Learn more. Read more info on AI Virtual Agents,Use Cases of AI Virtual Agents: 23 Real-World Examples - InfoQo,ai agents ai agents use cases artificial intelligence agents ai agent,ai agents | ai agents use cases | artificial intelligence agents | ai agent,,,ok
article_160f2ea5f8f0,virtuelle-ki-agenten-digitale-helfer-erforschen-neue-moglichkeiten,Virtuelle KI-Agenten: Digitale Helfer erforschen neue Möglichkeiten,Erfahren Sie mehr. Lesen Sie mehr über KI-gestützte virtuelle Agenten.,Virtuelle KI-Agenten: Digitale Helfer erforschen neue Möglichkeiten,ki gestützte virtuelle agenten ki gestützte virtuelle agenten ratgeber beste ki gestützte virtuelle agenten ki gestützte virtuelle agenten informationen,ki gestützte virtuelle agenten | ki gestützte virtuelle agenten ratgeber | beste ki gestützte virtuelle agenten | ki gestützte virtuelle agenten informationen,,,ok
article_bd0c490fe61d,want-to-start-a-business-from-home-simple-insights-to-get-you-going,Want To Start A Business From Home? Simple Insights To Get You Going,Learn more here. learn about Want Start Business from Home,Want To Start A Business From Home? Simple Insights To Get You Going - Discovaz,want start business from home want start business from home guide best want start business from home want start business from home information,want start business from home | want start business from home guide | best want start business from home | want start business from home information,i want start business from home,0.5556,ok
article_3d066bd81eb9,weitere-informationen-von-ki-virtual-agents-die-zukunft-des-kundenservice-im-jahr-2026,Weitere Informationen von KI Virtual Agents: Die Zukunft des Kundenservice im Jahr 2026,Mehr erfahren. Weitere Informationen uber KI Virtual Agents lessen,Weitere Informationen von KI Virtual Agents: Die Zukunft des Kundenservice im Jahr 2026 - Discovaz,ki virtual agents 2026 ki virtual agents ki virtual agents ratgeber beste ki virtual agents ki virtual agents informationen,ki virtual agents 2026 | ki virtual agents | ki virtual agents ratgeber | beste ki virtual agents | ki virtual agents informationen,ki virtual agents,0.4286,ok
article_ce702c888a74,wie-man-mit-bausoftware-ein-individuelles-auto-erstellt,Wie man mit Bausoftware ein individuelles Auto erstellt,Mehr erfahren. Lesen Sie weitere Informationen über Bausoftware,Wie man mit Bausoftware ein individuelles Auto erstellt - Discovaz,wie man bausoftware bausoftware ratgeber beste bausoftware bausoftware informationen,wie man bausoftware | bausoftware ratgeber | beste bausoftware | bausoftware informationen,,,ok
